REGION	POS	REF	ALT	REF_DP	REF_RV	REF_QUAL	ALT_DP	ALT_RV	ALT_QUAL	ALT_FREQ	TOTAL_DP	PVAL	PASS	GFF_FEATURE	REF_CODON	REF_AA	ALT_CODON	ALT_AA	POS_AA
NC_045512.2	1185	C	T	22	17	41	5	4	38	0.185185	27	0.028132	FALSE	NA	NA	NA	NA	NA	NA
NC_045512.2	3535	C	A	4	0	38	1	0	39	0.2	5	0.555556	FALSE	NA	NA	NA	NA	NA	NA
NC_045512.2	4807	G	T	62	9	47	1	0	29	0.015873	63	0.504	FALSE	NA	NA	NA	NA	NA	NA
NC_045512.2	12160	G	A	0	0	0	1	1	37	1	1	1	FALSE	NA	NA	NA	NA	NA	NA
NC_045512.2	14257	T	C	5	4	38	2	2	38	0.285714	7	0.269231	FALSE	NA	NA	NA	NA	NA	NA
NC_045512.2	14565	T	C	26	17	39	1	1	37	0.037037	27	0.509434	FALSE	NA	NA	NA	NA	NA	NA
NC_045512.2	15714	C	T	0	0	0	56	30	38	1	56	5.12046e-33	TRUE	NA	NA	NA	NA	NA	NA
NC_045512.2	15784	T	C	325	289	43	1	1	39	0.00306748	326	0.500768	FALSE	NA	NA	NA	NA	NA	NA
NC_045512.2	16935	G	A	25	16	42	19	14	37	0.431818	44	2.01647e-07	TRUE	NA	NA	NA	NA	NA	NA
NC_045512.2	17410	C	T	0	0	0	2	2	38	1	2	0.333333	FALSE	NA	NA	NA	NA	NA	NA
NC_045512.2	17527	A	C	118	79	41	1	0	35	0.00840336	119	0.50211	FALSE	NA	NA	NA	NA	NA	NA
NC_045512.2	17551	G	T	139	84	42	1	1	39	0.00714286	140	0.501792	FALSE	NA	NA	NA	NA	NA	NA
NC_045512.2	17575	G	A	80	79	40	14	14	38	0.148936	94	3.91277e-05	TRUE	NA	NA	NA	NA	NA	NA
NC_045512.2	21755	T	G	4	3	38	1	1	39	0.2	5	0.555556	FALSE	NA	NA	NA	NA	NA	NA
NC_045512.2	26204	C	T	82	67	45	1	1	30	0.0120482	83	0.50303	FALSE	NA	NA	NA	NA	NA	NA
NC_045512.2	26709	G	A	0	0	0	2	0	39	1	2	0.333333	FALSE	NA	NA	NA	NA	NA	NA
NC_045512.2	27147	G	T	1	1	37	1	1	39	0.5	2	0.666667	FALSE	NA	NA	NA	NA	NA	NA
NC_045512.2	27889	C	T	96	80	39	64	52	40	0.4	160	2.40909e-23	TRUE	NA	NA	NA	NA	NA	NA
NC_045512.2	27894	A	T	143	126	38	1	1	30	0.00694444	144	0.501742	FALSE	NA	NA	NA	NA	NA	NA
NC_045512.2	27915	G	T	101	75	39	17	15	38	0.144068	118	4.42202e-06	TRUE	NA	NA	NA	NA	NA	NA
NC_045512.2	28153	C	A	403	9	40	1	0	39	0.00247525	404	0.50062	FALSE	NA	NA	NA	NA	NA	NA
NC_045512.2	28271	A	T	0	0	0	152	152	38	1	152	1.34204e-90	TRUE	NA	NA	NA	NA	NA	NA
NC_045512.2	28311	C	T	0	0	0	2	0	38	1	2	0.333333	FALSE	NA	NA	NA	NA	NA	NA
NC_045512.2	28312	C	T	1	0	38	1	0	39	0.5	2	0.666667	FALSE	NA	NA	NA	NA	NA	NA
NC_045512.2	28330	A	G	34	0	38	1	0	34	0.0285714	35	0.507246	FALSE	NA	NA	NA	NA	NA	NA
NC_045512.2	28363	A	T	0	0	0	16	0	38	1	16	3.32734e-09	TRUE	NA	NA	NA	NA	NA	NA
NC_045512.2	28370	A	G	0	0	0	14	2	37	1	14	4.98547e-08	TRUE	NA	NA	NA	NA	NA	NA
NC_045512.2	28473	C	T	5	3	37	1	1	38	0.166667	6	0.545455	FALSE	NA	NA	NA	NA	NA	NA
NC_045512.2	28681	G	T	135	29	45	29	8	44	0.176829	164	5.25674e-10	TRUE	NA	NA	NA	NA	NA	NA
NC_045512.2	28690	G	T	114	55	41	1	0	38	0.00869565	115	0.502183	FALSE	NA	NA	NA	NA	NA	NA
NC_045512.2	28749	T	C	149	123	45	1	1	38	0.00662252	151	0.5	FALSE	NA	NA	NA	NA	NA	NA
NC_045512.2	28749	T	A	149	123	45	1	1	37	0.00662252	151	0.5	FALSE	NA	NA	NA	NA	NA	NA
NC_045512.2	28883	G	C	0	0	0	1	0	39	1	1	1	FALSE	NA	NA	NA	NA	NA	NA
NC_045512.2	29065	C	G	98	66	55	3	3	39	0.029703	101	0.124991	FALSE	NA	NA	NA	NA	NA	NA
NC_045512.2	29402	G	T	23	22	38	1	1	39	0.0416667	24	0.510638	FALSE	NA	NA	NA	NA	NA	NA
